{"docs":{"vue template":[{"author":"xupengfei","type":"vue template","name":"APP.vue","desc":"project main vue template","docs":{"default":[],"data":[{"id":"YON6F4LWHy","doc":"true","name":"data","desc":"vue template data","type":"data","param":["docs all docs, get by api","references all file's references, get by api","activeNames left el-collapse's active name","centerActive center el-collapse's active name","searchLeft left search key, search by @name and file src","leftId left choose doc's id","centerId center choose doc's id","centerDoc center current doc","endDoc right current doc"]}],"methods":[{"id":"s03SocVy9z","doc":"true","type":"methods","name":"typeLength","desc":"return left top group's docs length, filter by search word","param":["value [] left top group's docs"],"returns":"{number|*} left top group's docs length, filter by search word"},{"id":"9TaXGfp9Tz","doc":"true","type":"methods","name":"checkLeftShow","desc":"filter left top group's docs","param":["item doc in left top group's docs"],"returns":"boolean show or hide of item doc in left top group's docs"},{"id":"9Kn2AitOGj","doc":"true","type":"methods","name":"leftChoose","desc":"choose of item doc in left top group's docs","param":["item doc in left top group's docs"]},{"id":"MHU8rq0nSe","doc":"true","type":"methods","name":"centerChoose","desc":"choose of item in center current doc","param":["item item in center current doc"]}],"computed":[{"id":"GnIzZaEajd","doc":"true","type":"computed","name":"centerReferences","desc":"file's references of center current doc","returns":"[] file's references of center current doc used in el-tree"},{"id":"1mIOViV3so","doc":"true","type":"computed","name":"endParams","desc":"right doc's params split","returns":"[] right doc's params"}]},"id":"XtvA5WhQ1k","doc":"true","fileDoc":"true","file":"/Users/x/Desktop/WorkSpace/GitHub/docs/src/App.vue"}],"core":[{"author":"xupengfei","type":"core","name":"Base.js","desc":"vue3 and element-plus extend","docs":{"default":[{"id":"kv7Waki1bP","doc":"true","name":"init","desc":"extend vue3 instance method\n   * 1. $destroy vue2's $destory method\n   * 2. $baseEventBus global eventbus\n   * 3. $baseLoading show full screen loading\n   * 4. $baseLoadingText set inner text of full screen loading\n   * 5. $baseLoadingClose close full screen loading\n   * 6. $baseMessage show message box\n   * 7. $baseAlert show alert\n   * 8. $baseConfirm show confirm","param":["app vue3 instance like const app = createApp()"]},{"id":"K6Ierl0Uje","doc":"true","name":"LoadingClose","desc":"full screen loading close","constructor":""},{"id":"7e7P8zz3wU","doc":"true","name":"LoadingText","desc":"set loading's innerHtml","param":["str loading's innerHtml"],"constructor":""},{"id":"dzDiA3LNOF","doc":"true","name":"Loading","desc":"show full screen loading","param":["text loading's innerHtml"],"returns":"loading instance","constructor":""},{"id":"AlAwhUmPJH","doc":"true","name":"MessageSuccess","desc":"show success messageBox","param":["message message box's info"],"returns":"{Promise<unknown>}","constructor":""},{"id":"AF7M6uRc2j","doc":"true","name":"MessageWarning","desc":"show warning messageBox","param":["message message box's info"],"returns":"{Promise<unknown>}","constructor":""},{"id":"60qLkRAA7D","doc":"true","name":"MessageInfo","desc":"show info messageBox","param":["message message box's info"],"returns":"{Promise<unknown>}","constructor":""},{"id":"I7dBosZ7TD","doc":"true","name":"MessageError","desc":"show error messageBox","param":["message message box's info"],"returns":"{Promise<unknown>}","constructor":""},{"id":"SNwDn0hkU3","doc":"true","name":"Alert","desc":"show alert","param":["content alert's content","title alert's title"],"returns":"{Promise<unknown>}","constructor":""},{"id":"zKCU9tkuST","doc":"true","name":"ConfirmSuccess","desc":"show confirm with success icon","param":["content confirm's content","title confirm's title"],"returns":"{Promise<unknown>}","constructor":""},{"id":"HF83JVbC1l","doc":"true","name":"ConfirmError","desc":"show confirm with error icon","param":["content confirm's content","title confirm's title"],"returns":"{Promise<unknown>}","constructor":""},{"id":"1OFptrmxs9","doc":"true","name":"ConfirmError","desc":"show confirm with info icon","param":["content confirm's content","title confirm's title"],"returns":"{Promise<unknown>}","constructor":""},{"id":"1XSDFjdkc4","doc":"true","name":"ConfirmError","desc":"show confirm with warning icon","param":["content confirm's content","title confirm's title"],"returns":"{Promise<unknown>}","constructor":""}]},"id":"xRsCtFXtDX","doc":"true","fileDoc":"true","file":"/Users/x/Desktop/WorkSpace/GitHub/docs/src/core/Base.js"},{"author":"xupengfei","type":"core","name":"Docs.js","desc":"get docs by location dir path","docs":{"default":[{"id":"bXds8XPa8o","doc":"true","name":"constructor","param":["src location dir path"]},{"id":"6BEIrPxQzy","*":"make src's docs"},{"id":"e2h9tFglEI","doc":"true","name":"getDoc","desc":"get docs group by @fileDoc and @type","constructor":""}]},"id":"UaoweGICXC","doc":"true","fileDoc":"true","file":"/Users/x/Desktop/WorkSpace/GitHub/docs/src/core/Docs.js"},{"author":"xupengfei","type":"core","name":"Request.js","desc":"axios extend, return axios instance","docs":{"default":[]},"id":"UyzRwjUtRK","doc":"true","fileDoc":"true","file":"/Users/x/Desktop/WorkSpace/GitHub/docs/src/core/Request.js"},{"author":"xupengfei","type":"core","name":"Route.js","desc":"simple http router","docs":{"default":[]},"id":"07t9wwY5Oq","doc":"true","fileDoc":"true","file":"/Users/x/Desktop/WorkSpace/GitHub/docs/src/core/Route.js"},{"author":"xupengfei","type":"core","name":"Utils.js","desc":"global method extend","docs":{"default":[{"id":"UVo8Rst2C5","doc":"true","name":"findFile","desc":"find all file by location dir path","param":["base location dir path"],"returns":"[] all file in location dir path"},{"id":"kua5vY0M7O","doc":"true","name":"uuid","desc":"make uuid string","param":["length uuid string length"],"returns":"string uuid string"}]},"id":"bD8EVrnaZz","doc":"true","fileDoc":"true","file":"/Users/x/Desktop/WorkSpace/GitHub/docs/src/core/Utils.js"},{"author":"xupengfei","type":"core","name":"VueExtend.js","desc":"Factory method to create vue3 instance, with use vue's extend like element-plus vuex...","docs":{"default":[{"id":"ptV2ElwgXz","doc":"true","name":"VueExtend","desc":"Factory method to create vue3 instance, with use vue's extend like element-plus vuex...","param":["App vue template","data vue template data"],"returns":"{App<Element>} vue3 instance","constructor":""}]},"id":"OSSt4XUa8i","doc":"true","fileDoc":"true","file":"/Users/x/Desktop/WorkSpace/GitHub/docs/src/core/VueExtend.js"}]},"references":{"/Users/x/Desktop/WorkSpace/GitHub/docs/src/App.vue":["/Users/x/Desktop/WorkSpace/GitHub/docs/src/core/Request.js"],"/Users/x/Desktop/WorkSpace/GitHub/docs/src/core/Base.js":[],"/Users/x/Desktop/WorkSpace/GitHub/docs/src/core/Docs.js":["/Users/x/Desktop/WorkSpace/GitHub/docs/src/core/Utils.js"],"/Users/x/Desktop/WorkSpace/GitHub/docs/src/core/Request.js":[],"/Users/x/Desktop/WorkSpace/GitHub/docs/src/core/Route.js":["/Users/x/Desktop/WorkSpace/GitHub/docs/src/core/Docs.js"],"/Users/x/Desktop/WorkSpace/GitHub/docs/src/core/Utils.js":[],"/Users/x/Desktop/WorkSpace/GitHub/docs/src/core/VueExtend.js":["/Users/x/Desktop/WorkSpace/GitHub/docs/src/core/Base.js"],"/Users/x/Desktop/WorkSpace/GitHub/docs/src/main.js":["/Users/x/Desktop/WorkSpace/GitHub/docs/src/App.vue","/Users/x/Desktop/WorkSpace/GitHub/docs/src/core/VueExtend.js"]}}